retrieval_method,precision_at_5,recall_at_5,f1_score_at_5
tfidf,0.15999999999999998,0.10666666666666666,0.12571428571428572
